" ","NumberValue","BooleanValue","TextValue","StringArray","NumberArray","NumberArray2","FloatValue"
"String","int","boolean","string","StringArray","IntArray","IntArray","Float"
"UDP_HEARTBEAT_MS",200,,,,,,
"UDP_DISCONNECTED_SECONDS",2,,,,,,
"UDP_DESTRUCT_ON_INVALID_CONNECTION",,"TRUE",,,,,
"BACKGROUND_Y_SIZE",1120,,,,,,
"BACKGROUND_Y_OFFSET",90,,,,,,
"REPLAY_ENABLED",,"TRUE",,,,,
"REPLAY_MUSIC_ENABLED",,"FALSE",,,,,
"REPLAY_BACKGROUND_Y_SIZE",1200,,,,,,
"REPLAY_BACKGROUND_Y_OFFSET",250,,,,,,
"REPLAY_SHOW_TOUCH_EVENTS",,"TRUE",,,,,
"REPLAY_SHOW_DRAG_EVENTS",,"FALSE",,,,,
"REPLAY_SKIP_TIME_ENABLED",,"TRUE",,,,,
"REPLAY_SKIP_TIME_ENABLED_LOW_PROFILE",,"FALSE",,,,,
"REPLAY_SKIP_TIME_INTERVAL_SECONDS",10,,,,,,
"NPC_REPLAY_ENABLED",,,,,,,
"SPELL_DRAG_NAME_Y_POS",-30,,,,,,
"SHOW_NOT_ENOUGH_MANA_AFTER_FAILURES",1,,,,,,
"SPELL_DRAG_OBJECT_ALPHA",50,,,,,,
"UNIT_SPEED_1",30,,,,,,
"UNIT_SPEED_2",45,,,,,,
"UNIT_SPEED_3",60,,,,,,
"UNIT_SPEED_4",90,,,,,,
"UNIT_SPEED_5",120,,,,,,
"UNIT_SPEED_AUTOCHESS_1",2000,,,,,,
"UNIT_SPEED_AUTOCHESS_2",2500,,,,,,
"UNIT_SPEED_AUTOCHESS_3",3000,,,,,,
"UNIT_SPEED_AUTOCHESS_4",4000,,,,,,
"UNIT_SPEED_AUTOCHESS_5",5000,,,,,,
"PAYING_USER_EMAIL_ID",249,,,,,,
"GAME_CENTER_ACHIEVEMENTS_ENABLED",,"TRUE",,,,,
"GAMECENTER_REAUTHORIZE",,,,,,,
"GAME_CENTER_CHALLENGES_ENABLED",,"TRUE",,,,,
"LOW_GFX_DEVICES",,,,"iPhone1,1",,,
,,,,"iPhone1,2",,,
,,,,"iPhone2,1",,,
,,,,"iPhone3,1",,,
,,,,"iPhone3,2",,,
,,,,"iPhone3,3",,,
,,,,"iPhone4,1",,,
,,,,"iPhone5,1",,,
,,,,"iPhone5,2",,,
,,,,"iPhone5,3",,,
,,,,"iPhone5,4",,,
,,,,"iPhone6,1",,,
,,,,"iPhone6,2",,,
,,,,"iPhone7,1",,,
,,,,"iPhone7,2",,,
,,,,"iPod1,1",,,
,,,,"iPod2,1",,,
,,,,"iPod3,1",,,
,,,,"iPod4,1",,,
,,,,"iPod5,1",,,
,,,,"iPod7,1",,,
,,,,"iPad1,1",,,
,,,,"iPad1,2",,,
,,,,"iPad2,1",,,
,,,,"iPad2,2",,,
,,,,"iPad2,3",,,
,,,,"iPad2,4",,,
,,,,"iPad3,1",,,
,,,,"iPad3,2",,,
,,,,"iPad3,3",,,
,,,,"iPad2,5",,,
,,,,"iPad2,6",,,
,,,,"iPad2,7",,,
,,,,"iPad3,4",,,
,,,,"iPad3,5",,,
,,,,"iPad3,6",,,
,,,,"iPad4,1",,,
,,,,"iPad4,2",,,
,,,,"iPad4,3",,,
,,,,"iPad4,4",,,
,,,,"iPad4,5",,,
,,,,"iPad4,6",,,
,,,,"iPad4,7",,,
,,,,"iPad4,8",,,
,,,,"iPad4,9",,,
"MED_GFX_DEVICES",,,,,,,
"LOW_MEM_DEVICES",,,,"iPhone1,1",,,
,,,,"iPhone1,2",,,
,,,,"iPhone2,1",,,
,,,,"iPhone3,1",,,
,,,,"iPhone3,2",,,
,,,,"iPhone3,3",,,
,,,,"iPhone4,1",,,
,,,,"iPhone5,1",,,
,,,,"iPhone5,2",,,
,,,,"iPhone5,3",,,
,,,,"iPhone5,4",,,
,,,,"iPhone6,1",,,
,,,,"iPhone6,2",,,
,,,,"iPhone7,1",,,
,,,,"iPhone7,2",,,
,,,,"iPod1,1",,,
,,,,"iPod2,1",,,
,,,,"iPod3,1",,,
,,,,"iPod4,1",,,
,,,,"iPod5,1",,,
,,,,"iPod7,1",,,
,,,,"iPad1,1",,,
,,,,"iPad1,2",,,
,,,,"iPad2,1",,,
,,,,"iPad2,2",,,
,,,,"iPad2,3",,,
,,,,"iPad2,4",,,
,,,,"iPad3,1",,,
,,,,"iPad3,2",,,
,,,,"iPad3,3",,,
,,,,"iPad2,5",,,
,,,,"iPad2,6",,,
,,,,"iPad2,7",,,
,,,,"iPad3,4",,,
,,,,"iPad3,5",,,
,,,,"iPad3,6",,,
,,,,"iPad4,1",,,
,,,,"iPad4,2",,,
,,,,"iPad4,3",,,
,,,,"iPad4,4",,,
,,,,"iPad4,5",,,
,,,,"iPad4,6",,,
,,,,"iPad4,7",,,
,,,,"iPad4,8",,,
,,,,"iPad4,9",,,
"MED_MEM_DEVICES",,,,"ipad2",,,
"LOW_GFX_DEVICES_ANDROID",,,,"st25i",,,
,,,,"GT-N7000",,,
,,,,"GT-i8190N",,,
,,,,"U8950",,,
,,,,"SM-T211",,,
,,,,"i9300",,,
,,,,"i8190",,,
,,,,"i9305",,,
,,,,"i9301",,,
,,,,"i8200",,,
,,,,"g3812b",,,
,,,,"I535",,,
,,,,"I747",,,
,,,,"L710",,,
,,,,"T999",,,
,,,,"T210",,,
,,,,"P3210",,,
,,,,"SC-06D",,,
,,,,"SC-03E",,,
,,,,"I939",,,
,,,,"E210S",,,
,,,,"E210L",,,
,,,,"E210K",,,
,,,,"I9303",,,
,,,,"G730A",,,
,,,,"G730W8",,,
,,,,"M440S",,,
,,,,"R530U",,,
,,,,"S968C",,,
,,,,"SGH-N064",,,
,,,,"SGH-N035",,,
,,,,"SCH-J021",,,
,,,,"SCH-R530",,,
,,,,"SCH-S960L",,,
,,,,"I9308",,,
,,,,"GT-I9100",,,
,,,,"SM-N9005",,,
,,,,"SM-G6100",,,
"LOW_GFX_RENDERERS",,,,"Mali-T7.*",,,
,,,,"Mali-T8.*P1",,,
,,,,"Mali-T8.*P2",,,
,,,,"Adreno.*504",,,
,,,,"Adreno.*505",,,
,,,,"Adreno.*506",,,
,,,,"Adreno.*508",,,
,,,,"Adreno.*509",,,
,,,,"Adreno.*510",,,
,,,,"Adreno.*610",,,
,,,,"Mali-G71",,,
,,,,"Mali-G71.*P1",,,
,,,,"Mali-G71.*P2",,,
,,,,"Mali-G72",,,
,,,,"Mali-G72.*P3",,,
,,,,"Mali-G57",,,
,,,,"Mali-G57.*P1",,,
,,,,"Mali-G52",,,
,,,,"Mali-G52.*P1",,,
,,,,"PowerVR.*Rogue.*GE83\d\d",,,
,,,,"Mali-300.*",,,
,,,,"Mali-400.*",,,
,,,,"Mali-450.*",,,
,,,,"Mali-T720",,,
,,,,"Mali-T6.*",,,
,,,,"Mali-T830.*",,,
,,,,"Mali-T860.*",,,
,,,,"Mali-T760.*",,,
,,,,"Mali-T880.*",,,
,,,,"Adreno.*2\d\d",,,
,,,,"Adreno.*3\d\d",,,
,,,,"Adreno.*4\d\d",,,
,,,,"PowerVR.*SGX.*",,,
,,,,"PowerVR.*Rogue.*GE8100",,,
,,,,"PowerVR.*Rogue.*GE8300",,,
,,,,"PowerVR.*Rogue.*GE8320",,,
,,,,"PowerVR.*Rogue.*GE8322",,,
,,,,"PowerVR.*Rogue.*G6.*",,,
"HIGH_GFX_RENDERERS",,,,"Adreno.*740",,,
,,,,"Adreno.*730",,,
,,,,"Adreno.*660",,,
,,,,"Adreno.*650",,,
,,,,"Mali-G78.*",,,
,,,,"Mali-G77.*",,,
,,,,"Mali-G710.*",,,
,,,,"Mali-G610.*",,,
,,,,"Samsung.*Xclipse.*920",,,
"HIGH_MEMORY_ANDROID",1800,,,,,,
"MEDIUM_MEMORY_ANDROID",1400,,,,,,
"COME_BACK_NOTIFICATION_DELAY_HOURS_SMALL",48,,,,,,
"COME_BACK_NOTIFICATION_DELAY_HOURS_MEDIUM",120,,,,,,
"COME_BACK_NOTIFICATION_DELAY_HOURS_LARGE",336,,,,,,
"SECTOR_COMMAND_MESSAGE_INTERVAL_SECONDS",2,,,,,,
"POPUP_BLUR_ENABLED",,"TRUE",,,,,
"POPUP_BLUR_PERCENT",170,,,,,,
"POPUP_BLUR_ITERATIONS",4,,,,,,
"MAX_SPELL_PENDING_TIME",1200,,,,,,
"TAUNTS_ENABLED",,"TRUE",,,,,
"TAUNTS_MUTE_ENABLED",,"TRUE",,,,,
"SHOW_TAUNT_TIME_SEC",4,,,,,,
"TAUNT_COOLDOWN_10TH_OF_SECONDS",20,,,,,,
"SHOW_MATCHMAKING_TIME_TOLERANCE",3,,,,,,
"ENABLE_FACEBOOK",,"TRUE",,,,,
"ENABLE_GAMECENTER_FRIENDS",,"TRUE",,,,,
"SWITCH_CONFIRMATION_XP_LEVEL",5,,,,,,
"PROMPT_GC_SWITCH_MIN_NPC_WINS",0,,,,,,
"PAYMENT_LIMIT_CONFIRMATION_ENABLED",,"TRUE",,,,,
"PAYMENT_LIMIT_CONFIRMATION_USD",15000,,,,,,
"PAYMENT_LIMIT_CONFIRMATION_TIME",15,,,,,,
"CONFIRM_WORD_MAX_LENGTH",15,,,,,,
"DISCONNECT_IN_APPS",,"FALSE",,,,,
"IN_APP_RETRY_LIMIT",4,,,,,,
"RETRY_PURCHASES_IN_SHOP",,"TRUE",,,,,
"HELPSHIFT_ENABLED",,"TRUE",,,,,
"USE_HELPSHIFT_SDK_LANGUAGE",,"TRUE",,,,,
"EXTRA_HELPSHIFT_LANGUAGES",,,,,,,
"ENABLE_WEB_NOTIFICATIONS",,"TRUE",,,,,
"SEND_GC_ACHIVEMENT_0_PROGRESS",,"TRUE",,,,,
"SEND_GC_ACHIVEMENT_PROGRESS_ONCE",,"TRUE",,,,,
"USE_GC_SEND_ALL_ACHIEVEMENTS",,"TRUE",,,,,
"SHOW_NOTIFICATION_FOR_DONATE",,"TRUE",,,,,
"KEEP_ALIVE_WARNING_MS",10000,,,,,,
"PING_WARNING_MS",3500,,,,,,
"MATCHMAKING_TIP_INTERVAL_SEC",15,,,,,,
"ATTRIBUTION_FB",,,,,,,
"ATTRIBUTION_IAD",,"TRUE",,,,,
"APP_RATE_DIALOG_ENABLED",,"TRUE",,,,,
"PURCHASE_DIALOG_ENABLED",,"TRUE",,,,,
"PLAYER_ID_SHOW_ENABLED",,"TRUE",,,,,
"VIBRATE_AFTER_MATCHMAKING_SECONDS",15,,,,,,
"TAUNT_LIMIT",100,,,,,,
"NAME_CHANGE_START_LEVEL",5,,,,,,
"ENABLE_NAME_CHANGE",,"TRUE",,,,,
"TAUNT_SOUND_COOLDOWN",3000,,,,,,
"GOOGLE_ACHIEVEMENTS",,"TRUE",,,,,
"ACCOUNT_CONFIRM_POPUP_CENTERED",,,,,,,
"ENTER_NAME_POPUP_CENTERED",,,,,,,
"SHADOW_BLUR_DISTANCE",170,,,,,,
"TOURNAMENT_TOGGLE_ENABLED",,,,,,,
"TOURNAMENT_MODE_ENABLED",,"TRUE",,,,,
"USE_ARABIC_FALLBACK_FONT",,"TRUE",,,,,
"USE_JAPANESE_FALLBACK_FONT",,"TRUE",,,,,
"PENDING_SPELL_RECEIVED_DELAY_MS",1000,,,,,,
"CLOSE_TUTORIAL_POPUPS_BY_TAPPING",,"TRUE",,,,,
"CHAT_COMBINE_MESSAGE_MAX_TIME_DIFF_SEC",30,,,,,,
"CHAT_COMBINE_MESSAGE_MAX_COUNT",5,,,,,,
"CHAT_NEW_DIVIDER_ENABLED",,"TRUE",,,,,
"ADMIN_MESSAGE_BUTTON_ENABLED",,"TRUE",,,,,
"ADMIN_MESSAGES_ENABLED",,"TRUE",,,,,
"CACHE_MAX_EXTRA_SC_FILES",15,,,,,,
"USE_STARTED_FROM_NOTIFICATION_ID",,"TRUE",,,,,
"GOOGLE_PLAY_LOGIN_ONLY_WHEN_NOT_LOGGED",,"TRUE",,,,,
"PLAYER_INFO_COPY_DECK_ENABLED",,"TRUE",,,,,
"PLAYER_INFO_CARD_SCALE",60,,,,,,
"HIDE_BG_BEHIND_CREDITS_MENU",,"TRUE",,,,,
"HIDE_INVISIBLE_ILLEGAL_PLACE_RENDERER",,"TRUE",,,,,
"HIDE_INVISIBLE_UI",,"TRUE",,,,,
"LOW_GFX_SHOW_BASE_LAYER_OBJECTS",,"TRUE",,,,,
"SPECTATE_CHEER_BUTTON_COOLDOWN_SECONDS",8,,,,,,
"SPECTATE_CHEER_MAX_CONFETTIS",20,,,,,,
"SPECTATE_CHEER_MAX_CONFETTIS_2V2",40,,,,,,
"AREA_DAMAGE_INDICATOR_DURATION_MS",400,,,,,,
"TV_ARENAS",,,,"Arena1",,,
,,,,"Arena2",,,
,,,,"Arena3",,,
,,,,"Arena4",,,
,,,,"Arena5",,,
,,,,"Arena6",,,
,,,,"Arena7",,,
,,,,"Arena8",,,
,,,,"Arena9",,,
,,,,"Arena_L",,,
,,,,"Arena_Electric",,,
,,,,"Arena_T",,,
,,,,"Arena13",,,
,,,,"Arena14",,,
,,,,"Arena_L1",,,
,,,,"Arena_L2",,,
,,,,"Arena_L3",,,
,,,,"Arena_L4",,,
,,,,"Arena_L5",,,
,,,,"Arena_L6",,,
,,,,"Arena_L7",,,
,,,,"Arena_L8",,,
,,,,"Arena_L9",,,
"TOURNAMENT_INGAME_NOTIFICATION_END_TIMES",,,,,5400,,
,,,,,3600,,
,,,,,1800,,
,,,,,1200,,
,,,,,600,,
,,,,,300,,
"SEND_ACCOUNT_SWITCHED_MESSAGE_FROM_CONFIRM_POPUP",,"TRUE",,,,,
"NAME_CHANGE_CONFIRM_CASE_SENSITIVE",,"FALSE",,,,,
"DONT_MOVE_OPEN_ID_MIN_NPC_WINS",2,,,,,,
"LANDSCAPE_MODE_ENABLED",,"FALSE",,,,,
"RESET_STATICS_WHEN_CHANGING_ACCOUNT",,"TRUE",,,,,
"TOURNAMENT_SORT_BY_CAPACITY",,"TRUE",,,,,
"4K_FONT_TEXTURE_MEMORY_LIMIT",1500,,,,,,
"CLEAR_FONT_TEXTURE_BEFORE_BATTLE",,"FALSE",,,,,
"CLEAR_FONT_TEXTURE_BEFORE_BATTLE_ANDROID",,"FALSE",,,,,
"VERIFY_FRIENDLY_BATTLE_IN_CLIENT",,"TRUE",,,,,
"DISABLE_EXTRA_CACHING_IN_TUTORIAL",,"TRUE",,,,,
"ENABLE_FRIENDLY_CHALLENGE",,"TRUE",,,,,
"NOTIFY_IF_NOT_FRIEND",,"TRUE",,,,,
"FRIENDLY_CHALLENGE_REPLAY_ENABLED",,"TRUE",,,,,
"PLAY_MISSING_EFFECTS_WHEN_ENTERING_BATTLE",,"TRUE",,,,,
"CACHE_FRIENDS_SECONDS",120,,,,,,
"EVENT_SCREEN_TAB_BUTTON_ANALYTICS",,"TRUE",,,,,
"TUTORIAL_HAND_FADE_IN_MS",300,,,,,,
"TUTORIAL_HAND_FADE_IN_AFTER_TARGET_CHANGES",,"TRUE",,,,,
"SHOW_CLAN_PAGE_NOTIFICATIONS_IN_BUTTONS",,"TRUE",,,,,
"FRIEND_SPECTATE_ENABLED",,"TRUE",,,,,
"SHOW_PVP_SPECTATOR_COUNT",,"TRUE",,,,,
"PRELOAD_BATTLE_MUSIC",,"TRUE",,,,,
"BLACK_SCREEN_FIX",,"TRUE",,,,,
"CLEAR_BATTLE_RESULT_MESSAGE_IN_HOME",,"TRUE",,,,,
"TOP_HUD_GRADIENT_INTERACTIVE",,"FALSE",,,,,
"STAGGERED_SPELL_LIST_SHOW_ON_XP_LEVEL",5,,,,,,
"SHOW_STAGGERED_SPELL_LIST",,"TRUE",,,,,
"FORCE_REQUEST_FRIENDS_IN_HOME",,"TRUE",,,,,
"ASK_FRIEND_STATUS_AFTER_HIBERNATE",,"TRUE",,,,,
"CAN_CHALLENGE_OFFLINE_FRIENDS",,"TRUE",,,,,
"RELEASE_BATTLE_END_SC",,"TRUE",,,,,
"LOAD_ASSETS_DURING_LOGIN",,"TRUE",,,,,
"DONATE_CONTINUOUS_PRESS",,"TRUE",,,,,
"CHEST_OPEN_SHOW_ALL_REWARDS",,"TRUE",,,,,
"STAGGERED_ARENA_POPUP_MIN_TROPHIES",1000,,,,,,
"KOREAN_SHOP_DISCLAIMER_TEXT",,,"청약철회는 구매일로부터 7일 이내 가능(단, 사용 시 철회불가) 법정대리인 동의 없는 미성년자명의 결제 시 취소가능",,,,
"KOREAN_SHOP_DISCLAIMER_BUTTON",,,"자세히보기",,,,
"EVENT_NOTIFICATION_MAX_TIME_OFFSET_MINUTES",15,,,,,,
"EVENT_END_NOTIFICATION_MINUTES_BEFORE_END",120,,,,,,
"UPDATE_TIER_FROM_SERVER",,"TRUE",,,,,
"CONTENT_DOWNLOAD_ENABLED",,"TRUE",,,,,
"CONTENT_DOWNLOAD_ENABLED_DURING_BATTLE",,"FALSE",,,,,
"CONTENT_DOWNLOAD_ENABLED_DURING_NPC",,"TRUE",,,,,
"ROYAL_BOX_PRE_LOADING",,"TRUE",,,,,
"ROYAL_BOX_PRE_LOADING_ANDROID",,"FALSE",,,,,
"ROYAL_BOX_PRE_LOAD_ONLY_ONCE",,"TRUE",,,,,
"ROYAL_BOX_FULLSCREEN",,"TRUE",,,,,
"ROYAL_BOX_URL_WHITE_LIST",,,,"https://www.youtube.com/embed/",,,
,,,,"about:blank",,,
,,,,"https://www.bilibili.com/blackboard/html5mobileplayer.html",,,
"ROYAL_BOX_DOMAIN_WHITE_LIST",,,,"kunlun-cdn.com",,,
,,,,"accounts.google.com",,,
,,,,"testclashroyale.scinbox.qq.com",,,
,,,,"clashroyale.scinbox.qq.com",,,
,,,,"video.qq.com",,,
,,,,"v.qq.com",,,
,,,,"tesports-clashroyale.scinbox.qq.com",,,
,,,,"esports-clashroyale.scinbox.qq.com",,,
,,,,"inbox-staging.esports.clashroyale.com",,,
,,,,"clash-royale-esports-inbox-dev.fborn.net",,,
,,,,"inbox-production.esports.clashroyale.com",,,
,,,,"myqcloud.com",,,
,,,,"clash-royale-esports-inbox-dev.supcdev.net",,,
,,,,"scroll-inbox-dev.supcdev.net",,,
,,,,"scescdn.com",,,
,,,,"scescdn.cn",,,
,,,,"discord.com",,,
,,,,"crescdn.supercellsupport.cn",,,
,,,,"esports-api.supercellsupport.cn",,,
,,,,"crescdn.supercellsupport.cn",,,
,,,,"clashroyale.scescdn.com",,,
,,,,"evoshards.clashroyale.com",,,
,,,,"ingame-webviews.supercell.com",,,
,,,,"staging.ingame-webviews.supercell.dev",,,
"ROYAL_BOX_URL_PARAM_USER_AGENT",,,"supercell-in-game",,,,
"ROYAL_BOX_PASS_ALL_EVENT_TIMES",,"TRUE",,,,,
"LOAD_ONLY_LOWRES_TEX",,"FALSE",,,,,
"DEVICE_LINK_ERROR_POPUP_LINK_BUTTON_ENABLED",,,,,,,
"SHOW_OLD_CURRENT_LEGEND_STATS",,"FALSE",,,,,
"SOUNDS_TUTORIAL",,,,"Tut_jing_time_1",,,
,,,,"Tut_jing_time_2",,,
,,,,"Tut_count_01",,,
,,,,"Tut_count_01",,,
,,,,"Tut_count_01",,,
,,,,"Tut_count_01",,,
,,,,"Tut_count_01",,,
,,,,"Tut_count_01",,,
,,,,"Tut_count_01",,,
,,,,"Tut_count_01",,,
,,,,"Tut_count_01",,,
,,,,"Tut_count_01",,,
"SOUNDS_PVP",,,,"60sec_warn_01",,,
,,,,"30sec_warn_01",,,
,,,,"Countdown_10",,,
,,,,"Countdown_9",,,
,,,,"Countdown_8",,,
,,,,"Countdown_7",,,
,,,,"Countdown_6",,,
,,,,"Countdown_5",,,
,,,,"Countdown_4",,,
,,,,"Countdown_3",,,
,,,,"Countdown_2",,,
,,,,"Countdown_1",,,
"SOUND_START_TIMES",,,,,180,,
,,,,,60,,
,,,,,30,,
,,,,,10,,
,,,,,9,,
,,,,,8,,
,,,,,7,,
,,,,,6,,
,,,,,5,,
,,,,,4,,
,,,,,3,,
,,,,,2,,
,,,,,1,,
"MUSIC_START_TIMES",,,,,180,,
,,,,,60,,
,,,,,30,,
"MUSICS_TUTORIAL",,,,"TrainingArena",,,
,,,,"60sec_training",,,
"MUSICS_PVP",,,,"BattleMusic",,,
,,,,"60sec_loop",,,
,,,,"30sec_loop",,,
"MUSICS_TOUCHDOWN",,,,"BattleMusic",,,
"MAXIMUM_DAYS_FOR_NEW_SPELL_POPUP",30,,,,,,
"ENABLE_ROYAL_BOX_MEETUPS",,"FALSE",,,,,
"ENABLE_CHAT_REPORTING",,"TRUE",,,,,
"SHOW_NEW_SPELL_TEASER",,"TRUE",,,,,
"CLAN_INVITE_TOKEN_ENABLED",,"TRUE",,,,,
"CLAN_INVITE_TOKEN_EXPIRE_TIME_SECONDS",600,,,,,,
"FRIEND_INVITE_TOKEN_ENABLED",,"TRUE",,,,,
"FRIEND_INVITE_TOKEN_EXPIRE_TIME_SECONDS",600,,,,,,
"CANCEL_SPELL_DRAG_AFTER_IDLE_SECONDS",20,,,,,,
"DRAG_GLITCH_DETECT_WHEN_NO_VALID_TOUCHES",,"FALSE",,,,,
"DRAG_GLITCH_WHEN_NO_VALID_TOUCHES_SECONDS",1,,,,,,
"VIBRATE_AFTER_2V2_PARTNER_SECONDS",10,,,,,,
"GOLD_RUSH_COLORS",,,,"0xffd950",,,
,,,,"0xFFDA65",,,
,,,,"0xfff5dd",,,
,,,,"0xFFDA65",,,
,,,,"0xFFDA65",,,
,,,,"0xFFB64A",,,
,,,,"0xEB8F23",,,
,,,,"0xFFDA65",,,
"CROWN_RUSH_COLORS",,,,"0xffd950",,,
,,,,"0xFFDA65",,,
,,,,"0xfff5dd",,,
,,,,"0xFFDA65",,,
,,,,"0xFFDA65",,,
,,,,"0xFFB64A",,,
,,,,"0xEB8F23",,,
,,,,"0xFFDA65",,,
"SHOW_PLAYER_ELIXIR_BAR_ON_SPECTATE",,"TRUE",,,,,
"SHOW_OPPONENT_ELIXIR_BAR_ON_SPECTATE",,"TRUE",,,,,
"SHOW_PLAYER_ELIXIR_BAR_ON_FRIENDLY_MATCH_SPECTATE",,"FALSE",,,,,
"SHOW_OPPONENT_ELIXIR_BAR_ON_FRIENDLY_MATCH_SPECTATE",,"FALSE",,,,,
"SHOW_PLAYER_ELIXIR_BAR_ON_TOURNAMENT_SPECTATE",,"FALSE",,,,,
"SHOW_OPPONENT_ELIXIR_BAR_ON_TOURNAMENT_SPECTATE",,"FALSE",,,,,
"TOUCHDOWN_ARENA_SCALE",95,,,,,,
"ENABLE_REFLECTION_GLOW_ON_MIRROR_DECK",,"TRUE",,,,,
"BATTLE_END_CHAT_TAUNT_COUNT",12,,,,,,
"BATTLE_END_CHAT_RANDOM_TAUNT_COUNT",28,,,,,,
"BATTLE_END_CHAT_RANDOM_TAUNT_SELECTABLE_COUNT",2,,,,,,
"ENABLE_BLOCK_ENTERING_GAME_FOR_MANDATORY_CONTENT",,"TRUE",,,,,
"MANDATORY_CONTENT_MAX_RETRY_COUNT_BEFORE_ERROR",6,,,,,,
"CLASH_ROYALE_MIN_PLATFORM_VERSION",,,"8,2",,,,
"CLASH_ROYALE_MIN_PLATFORM_VERSION_ANDROID",,,4.2,,,,
"WEB_VIEW_LOADING_INDICATOR_SHOW_AFTER_MS",0,,,,,,
"BATTLE_CANCEL_COOLDOWN_S",10,,,,,,
"ENABLE_JOINING_2V2_CLAN_SURVIVAL_WHEN_NOT_JOINED",,"TRUE",,,,,
"ENABLE_ALTERNATIVE_CHEST_UI_LANGUAGE",,"FALSE",,,,,
"ENABLE_ALTERNATIVE_CHEST_UI_IP",,"FALSE",,,,,
"ENABLE_2V2_FRIEND_INVITE_WHEN_IN_BATTLE",,"FALSE",,,,,
"ROYAL_BOX_PRELOAD_DELETE_WEBVIEW_AFTER_EVAL",,"TRUE",,,,,
"SHOW_LEGENDARY_UI_WHEN_CHANCE_IS_AT_LEAST",10,,,,,,
"MUTE_ENABLED",,"TRUE",,,,,
"MUTE_PERMANENT",,"TRUE",,,,,
"MUTE_VERSION",1,,,,,,
"SPECTATOR_TAUNTS_ENABLED",,"TRUE",,,,,
"SPECTATOR_TAUNT_COOLDOWN_SECONDS",2,,,,,,
"ROYAL_BOX_DONT_DELETE_ON_TAB_CHANGE",,"TRUE",,,,,
"SHOW_SPECTATOR_TAUNTS_TO_PLAYERS",,"TRUE",,,,,
"USE_DEVICE_LINK",,"FALSE",,,,,
"CLAN_WAR_COLORS",,,,"0xdb5ae7",,,
,,,,"0xb908c1",,,
,,,,"0xf980f5",,,
,,,,"0xd88afc",,,
"QUICKMATCH_COOLDOWN_2V2_LADDER_ENABLED",,"TRUE",,,,,
"QUICKMATCH_COOLDOWN_2V2_SURVIVAL_ENABLED",,"FALSE",,,,,
"CLAN_WARS_TIME_LEFT_TIMER_WARNING_SECONDS",900,,,,,,
"SHOP_CHEST_FACTS_URL",,,"/blog/news/clash-royale-chest-info.html",,,,
"SHOW_ESTIMATED_WAR_MATCHMAKING_TIME",,"FALSE",,,,,
"SHOW_CLAN_WAR_LEADERBOARDS",,"TRUE",,,,,
"CLAN_WAR_NAME_AMOUNT_A",37,,,,,,
"CLAN_WAR_NAME_AMOUNT_B",3,,,,,,
"CLAN_WAR_NAME_AMOUNT_C",32,,,,,,
"DISABLE_IPHONE_X_BLUR_CLAN_RESULTS",,"TRUE",,,,,
"DISABLE_IPHONE_X_BLUR_CLAN_COLLECTION",,"FALSE",,,,,
"ENABLE_CSE_TO_SSE_EVENTS",,"TRUE",,,,,
"SHOP_CHEST_FACTS_URL_EXT",,,,"https://clashroyale.com/th",,,
,,,,"https://clashroyale.com/ms",,,
,,,,"https://clashroyale.com/id",,,
,,,,"https://clashroyale.com/ko",,,
,,,,"https://clashroyale.com/zh",,,
,,,,"https://clashroyale.com/ja",,,
,,,,"https://clashroyale.com/ar",,,
,,,,"https://clashroyale.com/tr",,,
,,,,"https://clashroyale.com/ru",,,
,,,,"https://clashroyale.com/pt",,,
,,,,"https://clashroyale.com/no",,,
,,,,"https://clashroyale.com/nl",,,
,,,,"https://clashroyale.com/it",,,
,,,,"https://clashroyale.com/fr",,,
,,,,"https://clashroyale.com/es",,,
,,,,"https://clashroyale.com/de",,,
,,,,"https://cr.gameark.cn",,,
"SHOP_CHEST_FACTS_COUNTRYCODES_EXT",,,,"TH",,,
,,,,"MS",,,
,,,,"ID",,,
,,,,"KR",,,
,,,,"CNT",,,
,,,,"JP",,,
,,,,"AR",,,
,,,,"TR",,,
,,,,"RU",,,
,,,,"PT",,,
,,,,"NO",,,
,,,,"NL",,,
,,,,"IT",,,
,,,,"FR",,,
,,,,"ES",,,
,,,,"DE",,,
,,,,"CN",,,
"FACEBOOK_MIN_IOS_VERSION",,,9,,,,
"ENABLE_CLAN_WAR_MAP_SCROLLING",,"FALSE",,,,,
"REREQUEST_CLAN_WAR_FINAL_BATTLE_SECTOR_STATE_SECONDS",5,,,,,,
"VIDEOS_TAB_ENABLED",,"TRUE",,,,,
"ESPORTS_TAB_ENABLED",,"TRUE",,,,,
"ENABLE_OLD_HELPSHIFT",,"FALSE",,,,,
"XP_TO_SHOW_NEW_EMOTES",18,,,,,,
"DOUBLE_TAP_TO_TOGGLE_WAR",,"TRUE",,,,,
"DOUBLE_TAP_TO_TOGGLE_SPELL",,"TRUE",,,,,
"HIDE_SHOP_OFFERS_ONCE_FULLY_PURCHASED",,"TRUE",,,,,
"SHOW_API_TOKEN_IN_SETTINGS",,"TRUE",,,,,
"USE_VI_FALLBACK_FONT",,"TRUE",,,,,
"USE_SAME_LEVELS_FOR_ALL_CARDS",,"TRUE",,,,,
"ENABLE_RANDOM_DECK_BUTTON_SPELL_PAGE",,"FALSE",,,,,
"EMOTE_CHAT_MIN_TIME_CYCLE_MS",5000,,,,,,
"EMOTE_CHAT_MAX_TIME_CYCLE_MS",30000,,,,,,
"SHOW_ESPORTS_NOTIFICATION_WHEN_LEAGUE_NOT_SELECTED",,"FALSE",,,,,
"ASK_LADDER_TOURNAMENT_HIGHSCORE_FREQUENCY",15,,,,,,
"HIDE_TROPHY_ROAD_MILESTONES_AFTER_COLLECT",,"FALSE",,,,,
"SEASON_PASS_GRADIENT_COLORS",,,,"0xFFFFFABC",,,
,,,,"0xFFFFD12E",,,
,,,,"0xFFF29928",,,
,,,,"0xFFFFD12E",,,
"SEASON_PASS_GRADIENT_SCALE",100,,,,,,
"SEASON_PASS_GRADIENT_SPEED",50,,,,,,
"REQUIRED_ASSET_DOWNLOADS",,,,,,,
"USE_SELFHELP",,"TRUE",,,,,
"BATTLE_HUD_TRANSPERANCY_PERCENT",50,,,,,,
"ISOMETRIC_TILE_WIDTH",292,,,,,,
"ISOMETRIC_TILE_HEIGHT",215,,,,,,
"CLAN_WAR_MAP_START_SCALE_PERCENT",100,,,,,,
"CLAN_WAR_MAP_BOAT_SCALE_PERCENT",55,,,,,,
"CLAN_WAR_MAP_ROYALE_CAMERA_ANGLE",,"TRUE",,,,,
"LAST_SEEN_MIN_DAYS",7,,,,,,
"LAST_SEEN_DAYS_LONG",30,,,,,,
"JOIN_CLAN_MESSAGE_INTERVAL_SECONDS",2,,,,,,
"ENABLE_WATER_SHADERS_IN_BATTLE",,"TRUE",,,,,
"GLOBAL_AGE_RESTRICTION",16,,,,,,
"ASK_AGE_ALL_COUNTRIES",,"TRUE",,,,,
"HOSTED_MATCH_ICON_DEFAULT",,,"image/icons/hosted_challenge_default_logo.png",,,,
"HOSTED_MATCH_ICON_0",,,"image/icons/Varena_logo.png",,,,
"HOSTED_MATCH_ICON_1",,,"image/icons/Statsroyale_logo.png",,,,
"HOSTED_MATCH_ICON_2",,,"image/icons/RoyaleAPI_logo.png",,,,
"HOSTED_MATCH_ICON_4",,,"image/icons/Battlefy_logo.png",,,,
"HOSTED_MATCH_ICON_5",,,"image/icons/Gizer_logo.png",,,,
"HOSTED_MATCH_ICON_11",,,"image/icons/CRL_logo.png",,,,
"SEASON_PASS_COME_BACK_BEFORE_END_HOURS",24,,,,,,
"ADD_DEFENSE_COLORS",,,,"0xacffe7",,,
,,,,"0x00aa64",,,
,,,,"0xacffbb",,,
,,,,"0x27cd7c",,,
"CLAN_WAR_TRAINING_COLORS",,,,"0xacffe7",,,
,,,,"0x00aa64",,,
,,,,"0xacffbb",,,
,,,,"0x27cd7c",,,
"USE_CHRONOS_LOADING_SCREEN",,"TRUE",,,,,
"DROP_GLITCH_BUG_FIX",,"FALSE",,,,,
"CREATE_CLAN_DEFAULT_FAMILY_FRIENDLY",,"FALSE",,,,,
"REPORT_USER_PROFILE_ENABLED",,"TRUE",,,,,
"SELF_HELP_DELETION_ARTICLE",,,"articles/gdpr-request-deletion-of-your-personal-data.html",,,,
"SELF_HELP_DELETION_ARTICLE_CN",,,"articles/gdpr-request-deletion-of-your-personal-data-1.html",,,,
"MASTERY_TASKS_CASCADE_ANIMATION_DELAY_MS",100,,,,,,
"UNLOADER_ENABLED",,"TRUE",,,,,
"UNLOADER_LOGGING_ENABLED",,"FALSE",,,,,
"UNLOAD_SPELLS",,"TRUE",,,,,
"UNLOAD_DECOS",,"TRUE",,,,,
"UNLOAD_LOCATIONS",,"TRUE",,,,,
"UNLOAD_TOWER_SKINS",,"TRUE",,,,,
"UNLOAD_EMOTES",,"TRUE",,,,,
"UNLOAD_BANNERS",,"TRUE",,,,,
"UNLOAD_LOADING_SCREEN",,"FALSE",,,,,
"NEVER_UNLOAD_FILES",,,,"sc/ui.sc",,,
,,,,"sc/ui_clan_wars.sc",,,
,,,,"sc/effects.sc",,,
,,,,"sc/ui_chest.sc",,,
,,,,"sc/ui_spells.sc",,,
,,,,"sc/ui_battle_banners.sc",,,
,,,,"sc/ui_deck_builder.sc",,,
"DESTROY_CHAT_UI_ITEMS_ON_HOME_EXIT",,"TRUE",,,,,
"DEBUG_FAKE_ASSET_DOWNLOADS_IN_PROGRESS",,"FALSE",,,,,
"ONLY_SHOW_MASTERY_NOTIFICATION_IF_COMPLETED",,"TRUE",,,,,
"PIGGY_BANK_VISIBLE_EXP_LEVEL",7,,,,,,
"PIGGY_BANK_CLAIM_NOTIFICATION_TIME_MINUTES",0,,,,,,
"RANKED_MODE_STEP_ANIMATION_DELAY_MS_FOR_FLYING_ITEMS",3000,,,,,,
"RANKED_MODE_IS_TEST_SEASON",,"FALSE",,,,,
"SENTRY_LOG_BACK_TO_MENU_ENABLED",,"TRUE",,,,,
"SENTRY_LOG_BATTLE_STARTED_ENABLED",,"TRUE",,,,,
"MONK_ABILITY_STATS",,,,,,,
"MOVIECLIP_EFFECT_REPLACEMENT_ENABLED",,"TRUE",,,,,
"LOAD_BLANK_PAGE_ON_WEBVIEW_ERROR",,"FALSE",,,,,
"HOME_SHOW_MENUBUTTON_POPOVER_ARENA_REQUIRED",3,,,,,,
"GOLD_REWARD_BUCKET_START_AMOUNT",10000,,,,,,
"GOLD_REWARD_CART_START_AMOUNT",100000,,,,,,
"GEM_REWARD_BUCKET_START_AMOUNT",2500,,,,,,
"GEM_REWARD_CART_START_AMOUNT",6500,,,,,,
"SEASONAL_TOKENS_FOR_ENDSEASON_NOTIFICATION",10000000,,,,,,
"ENABLE_PERFORMANCE_TRACKER",,"TRUE",,,,,
"SEASONAL_INTRO_MS_TO_STAY_IN_TOP_HUD",1500,,,,,,
"SEASONAL_INTRO_MS_TO_ANIMATE_TOP_HUD",1000,,,,,,
"SEASONAL_INTRO_MS_TO_END_WAIT",600,,,,,,
"MAX_SCID_PROFILEPIC_SIZE",128,,,,,,
"SCID_PROFILEPIC_DISABLED",,"FALSE",,,,,
"SCID_PRELOAD_DISABLED",,"FALSE",,,,,
"SEASONAL_SHOP_FILTER_DUPLICATES",,"TRUE",,,,,
"COLLECTION_SPELL_LONG_PRESS_TIME_MS",250,,,,,,
"BATTLE_OPPONENT_EVO_INFO",,,"Diamond",,,,
"FOLDABLE_DEVICES_PATTERNS",,,,"sm-f",,,
"HIDE_SC_WEB_NOTIFICATION_ON_ENTER_BATTLE",,"TRUE",,,,,
"BATTLE_REPLAY_TOWERSKIN_PATCHING_ENABLED",,"TRUE",,,,,
"SCROLL_DAMPING_FACTOR",970,,,,,,
"SCROLL_PANNING_THRESHOLD_PIXELS",5,,,,,,
"SHOP_INITIAL_SCROLL_TO_CHESTS_ENABLED",,"FALSE",,,,,
"SHOP_INITIAL_SCROLL_TO_OFFERS_ENABLED",,"FALSE",,,,,
"PVE_WAVE_DEBUG_OUTPUT",,"FALSE",,,,,
"TUTORIAL_MANAGER_NEW_REFRESH_INTERVAL_HOME",500,,,,,,
"TUTORIAL_MANAGER_NEW_REFRESH_INTERVAL_BATTLE",100,,,,,,
"ABILITY_BUTTON_QUEUE",,"TRUE",,,,,
"SHOULD_IAPS_WAIT_FOR_PRODUCT_DETAILS",,"TRUE",,,,,
"SHOP_BUTTON_TOGGLE_SECTIONS_ENABLED",,"TRUE",,,,,
"TEXTURE_STREAMING_ENABLED",,"TRUE",,,,,
"TEXTURE_STREAMING_DISABLED_DEVICES_IOS",,,,,,,
"TEXTURE_STREAMING_DISABLED_DEVICES_ANDROID",,,,"SM-G9980",,,
"PLAYABLE_CARD_POOLING",,"TRUE",,,,,
"BOOSTED_TITLE_COLORS",,,,"0xF95AFF",,,
,,,,"0xFFFFFF",,,
,,,,"0xF95AFF",,,
,,,,"0xFFFFFF",,,
,,,,"0xF95AFF",,,
"AUTOCHESS_TITLE_COLORS",,,,"0x7F4DFF",,,
,,,,"0xC46AFD",,,
,,,,"0xF9F2CD",,,
,,,,"0xFDFF9CD",,,
,,,,"0x7F4DFF",,,
"SEASON_PASS_DISCOUNT_BANNER_VISIBLE_TIME_MS",7000,,,,,,
"SEASON_PASS_DISCOUNT_BANNER_APPEARING_DELAY_MS",500,,,,,,
"EVENT_DECK_DEEPLINK_HANDLING",,"TRUE",,,,,
"TEXTURE_STREAMING_DEBUG_VISUALIZATION_ENABLED",,"TRUE",,,,,
"GOLD_RUSH_SKIN_ADD_DEATH_EFFECT",,,"gold_tower_coins1",,,,
"GOLD_RUSH_SKIN_ADD_DEATH_EFFECT_KING",,,"gold_tower_coins2",,,,
"CROWN_RUSH_SKIN_ADD_DEATH_EFFECT",,,"crown_tower_death1",,,,
"CROWN_RUSH_SKIN_ADD_DEATH_EFFECT_KING",,,"crown_tower_death2",,,,
"GOLD_AND_CROWN_RUSH_END_CONFETTI1",,,"win_battle_confetti_gold",,,,
"GOLD_AND_CROWN_RUSH_END_CONFETTI2",,,"win_battle_confetti_gold2",,,,
"REQUIRE_START_PURCHASE_IN_BILLING",,"TRUE",,,,,
"SCID_BILLING_PURCHASE_DELAY_MILLIS",500,,,,,,
"PLAY_AGAIN_UNLOCK_ARENA_INDEX",2,,,,,,
"SHOW_PLAYER_ELIXIR_BAR_ON_RANKED_SPECTATE",,"FALSE",,,,,
"SHOW_OPPONENT_ELIXIR_BAR_ON_RANKED_SPECTATE",,"FALSE",,,,,
"SHOW_PLAYER_ELIXIR_BAR_ON_FRIEND_FRIENDLY_MATCH_SPECTATE",,"FALSE",,,,,
"SHOW_OPPONENT_ELIXIR_BAR_ON_FRIEND_FRIENDLY_MATCH_SPECTATE",,"FALSE",,,,,
"ALLOW_ELIXIR_SPECTATING_FOR_CLAN_ROLES",,,,,2,,
,,,,,3,,
,,,,,4,,
"SHOP_OFFER_INFO_URL",,,"/articles/info-cr.html",,,,
"SENTRY_LOG_ACTIVE_TRAIL_ENABLED",,TRUE,,,,,
"SHOP_OFFER_INFO_COUNTRYCODES_EXT",,,,"EN",,,
,,,,"DE",,,
,,,,"ES",,,
,,,,"FI",,,
,,,,"FR",,,
,,,,"ID",,,
,,,,"IT",,,
,,,,"NL",,,
,,,,"PT",,,
,,,,"RU",,,
,,,,"TR",,,
,,,,"AR",,,
,,,,"JP",,,
,,,,"KR",,,
,,,,"CN",,,
,,,,"CNT",,,
"SHOP_OFFER_INFO_URL_EXT",,,,"https://support.supercell.com/clash-royale/en",,,
,,,,"https://support.supercell.com/clash-royale/de",,,
,,,,"https://support.supercell.com/clash-royale/es",,,
,,,,"https://support.supercell.com/clash-royale/fi",,,
,,,,"https://support.supercell.com/clash-royale/fr",,,
,,,,"https://support.supercell.com/clash-royale/id",,,
,,,,"https://support.supercell.com/clash-royale/it",,,
,,,,"https://support.supercell.com/clash-royale/nl",,,
,,,,"https://support.supercell.com/clash-royale/pt",,,
,,,,"https://support.supercell.com/clash-royale/ru",,,
,,,,"https://support.supercell.com/clash-royale/tr",,,
,,,,"https://support.supercell.com/clash-royale/ar",,,
,,,,"https://support.supercell.com/clash-royale/ja",,,
,,,,"https://support.supercell.com/clash-royale/ko",,,
,,,,"https://support.supercell.com/clash-royale/zh",,,
,,,,"https://support.supercell.com/clash-royale/zh_en",,,